[{"model": "admin.logentry", "pk": 1, "fields": {"action_time": "2024-01-21T01:57:59.892Z", "user": 2, "content_type": 8, "object_id": "2", "object_repr": "root", "action_flag": 2, "change_message": "[{\"changed\": {\"fields\": [\"First name\", \"Last name\", \"Email address\", \"\\u041d\\u043e\\u043c\\u0435\\u0440 \\u0442\\u0435\\u043b\\u0435\\u0444\\u043e\\u043d\\u0443\"]}}]"}}, {"model": "admin.logentry", "pk": 2, "fields": {"action_time": "2024-01-22T00:45:50.337Z", "user": 2, "content_type": 8, "object_id": "14", "object_repr": "342342342dfadf@gmail.com", "action_flag": 3, "change_message": ""}}, {"model": "admin.logentry", "pk": 3, "fields": {"action_time": "2024-01-22T00:45:50.347Z", "user": 2, "content_type": 8, "object_id": "8", "object_repr": "", "action_flag": 3, "change_message": ""}}, {"model": "admin.logentry", "pk": 4, "fields": {"action_time": "2024-01-22T00:45:50.348Z", "user": 2, "content_type": 8, "object_id": "7", "object_repr": "buyer", "action_flag": 3, "change_message": ""}}, {"model": "admin.logentry", "pk": 5, "fields": {"action_time": "2024-01-22T00:45:50.349Z", "user": 2, "content_type": 8, "object_id": "6", "object_repr": "bob", "action_flag": 3, "change_message": ""}}, {"model": "admin.logentry", "pk": 6, "fields": {"action_time": "2024-01-22T00:45:50.351Z", "user": 2, "content_type": 8, "object_id": "5", "object_repr": "nice", "action_flag": 3, "change_message": ""}}, {"model": "admin.logentry", "pk": 7, "fields": {"action_time": "2024-01-22T00:45:50.352Z", "user": 2, "content_type": 8, "object_id": "4", "object_repr": "Dog", "action_flag": 3, "change_message": ""}}, {"model": "admin.logentry", "pk": 8, "fields": {"action_time": "2024-01-22T00:45:50.353Z", "user": 2, "content_type": 8, "object_id": "3", "object_repr": "Anton", "action_flag": 3, "change_message": ""}}, {"model": "admin.logentry", "pk": 9, "fields": {"action_time": "2024-01-23T19:18:23.807Z", "user": 2, "content_type": 9, "object_id": "2", "object_repr": "Іван wants to buy 1x of GreenLeaf Tea Master", "action_flag": 3, "change_message": ""}}, {"model": "admin.logentry", "pk": 10, "fields": {"action_time": "2024-01-23T19:18:23.817Z", "user": 2, "content_type": 9, "object_id": "1", "object_repr": "Іван wants to buy 1x of GreenLeaf Tea Master", "action_flag": 3, "change_message": ""}}, {"model": "admin.logentry", "pk": 11, "fields": {"action_time": "2024-01-28T03:12:58.889Z", "user": 2, "content_type": 7, "object_id": "14", "object_repr": "Classic Home Oven", "action_flag": 2, "change_message": "[{\"changed\": {\"fields\": [\"\\u0426\\u0456\\u043d\\u0430 \\u0437\\u0456 \\u0437\\u043d\\u0438\\u0436\\u043a\\u043e\\u044e\"]}}]"}}, {"model": "admin.logentry", "pk": 12, "fields": {"action_time": "2024-01-28T03:13:04.832Z", "user": 2, "content_type": 7, "object_id": "15", "object_repr": "SmartBake Touch", "action_flag": 2, "change_message": "[{\"changed\": {\"fields\": [\"\\u041a\\u0456\\u043b\\u044c\\u043a\\u0456\\u0441\\u0442\\u044c \\u043d\\u0430 \\u0441\\u043a\\u043b\\u0430\\u0434\\u0456\"]}}]"}}, {"model": "admin.logentry", "pk": 13, "fields": {"action_time": "2024-01-28T03:13:23.715Z", "user": 2, "content_type": 7, "object_id": "11", "object_repr": "RapidWarm 100", "action_flag": 2, "change_message": "[{\"changed\": {\"fields\": [\"\\u0426\\u0456\\u043d\\u0430 \\u0437\\u0456 \\u0437\\u043d\\u0438\\u0436\\u043a\\u043e\\u044e\"]}}]"}}, {"model": "admin.logentry", "pk": 14, "fields": {"action_time": "2024-01-28T03:14:10.507Z", "user": 2, "content_type": 7, "object_id": "4", "object_repr": "QuickHeat Wave", "action_flag": 2, "change_message": "[{\"changed\": {\"fields\": [\"\\u0426\\u0456\\u043d\\u0430 \\u0437\\u0456 \\u0437\\u043d\\u0438\\u0436\\u043a\\u043e\\u044e\"]}}]"}}, {"model": "admin.logentry", "pk": 15, "fields": {"action_time": "2024-01-28T17:11:49.269Z", "user": 2, "content_type": 8, "object_id": "19", "object_repr": "toha@gmail.com", "action_flag": 2, "change_message": "[{\"changed\": {\"fields\": [\"Last name\"]}}]"}}, {"model": "admin.logentry", "pk": 16, "fields": {"action_time": "2024-01-28T17:29:11.409Z", "user": 2, "content_type": 7, "object_id": "15", "object_repr": "SmartBake Touch", "action_flag": 2, "change_message": "[{\"changed\": {\"fields\": [\"\\u0426\\u0456\\u043d\\u0430 \\u0437\\u0456 \\u0437\\u043d\\u0438\\u0436\\u043a\\u043e\\u044e\"]}}]"}}, {"model": "admin.logentry", "pk": 17, "fields": {"action_time": "2024-01-28T17:29:47.780Z", "user": 2, "content_type": 7, "object_id": "15", "object_repr": "SmartBake Touch", "action_flag": 2, "change_message": "[]"}}, {"model": "admin.logentry", "pk": 18, "fields": {"action_time": "2024-01-28T17:43:23.795Z", "user": 2, "content_type": 8, "object_id": "19", "object_repr": "toha@gmail.com", "action_flag": 2, "change_message": "[{\"changed\": {\"fields\": [\"User permissions\", \"Staff status\"]}}]"}}, {"model": "admin.logentry", "pk": 19, "fields": {"action_time": "2024-01-30T18:35:08.926Z", "user": 2, "content_type": 11, "object_id": "2", "object_repr": "Замовлення №2 | Замовник: Іваненко Іван", "action_flag": 2, "change_message": "[{\"changed\": {\"fields\": [\"\\u0410\\u043a\\u0430\\u0443\\u043d\\u0442 \\u043f\\u043e\\u043a\\u0443\\u043f\\u0446\\u044f\"]}}]"}}, {"model": "admin.logentry", "pk": 20, "fields": {"action_time": "2024-01-30T18:35:17.644Z", "user": 2, "content_type": 11, "object_id": "2", "object_repr": "Замовлення №2 | Замовник: Іваненко Іван", "action_flag": 2, "change_message": "[{\"changed\": {\"fields\": [\"\\u0410\\u043a\\u0430\\u0443\\u043d\\u0442 \\u043f\\u043e\\u043a\\u0443\\u043f\\u0446\\u044f\"]}}]"}}, {"model": "admin.logentry", "pk": 21, "fields": {"action_time": "2024-01-30T18:49:38.885Z", "user": 2, "content_type": 11, "object_id": "1", "object_repr": "Замовлення №1 | Замовник: Іваненко Іван", "action_flag": 3, "change_message": ""}}, {"model": "admin.logentry", "pk": 22, "fields": {"action_time": "2024-01-30T18:49:38.890Z", "user": 2, "content_type": 11, "object_id": "2", "object_repr": "Замовлення №2 | Замовник: Іваненко Іван", "action_flag": 3, "change_message": ""}}, {"model": "admin.logentry", "pk": 23, "fields": {"action_time": "2024-01-30T18:49:38.891Z", "user": 2, "content_type": 11, "object_id": "3", "object_repr": "Замовлення №3 | Замовник: Іваненко Іван", "action_flag": 3, "change_message": ""}}, {"model": "admin.logentry", "pk": 24, "fields": {"action_time": "2024-01-30T19:32:27.955Z", "user": 2, "content_type": 11, "object_id": "4", "object_repr": "Замовлення №4 | Замовник: Іваненко Іван", "action_flag": 3, "change_message": ""}}, {"model": "admin.logentry", "pk": 25, "fields": {"action_time": "2024-01-30T19:32:27.960Z", "user": 2, "content_type": 11, "object_id": "5", "object_repr": "Замовлення №5 | Замовник: Іваненко Іван", "action_flag": 3, "change_message": ""}}, {"model": "admin.logentry", "pk": 26, "fields": {"action_time": "2024-01-30T19:32:27.962Z", "user": 2, "content_type": 11, "object_id": "6", "object_repr": "Замовлення №6 | Замовник: Іваненко Іван", "action_flag": 3, "change_message": ""}}, {"model": "admin.logentry", "pk": 27, "fields": {"action_time": "2024-01-30T19:34:28.470Z", "user": 2, "content_type": 11, "object_id": "8", "object_repr": "Замовлення №8 | Замовник: Іваненко Іван", "action_flag": 3, "change_message": ""}}, {"model": "admin.logentry", "pk": 28, "fields": {"action_time": "2024-01-30T19:37:01.276Z", "user": 2, "content_type": 11, "object_id": "9", "object_repr": "Замовлення №9 | Замовник: Іваненко Іван", "action_flag": 2, "change_message": "[{\"changed\": {\"fields\": [\"\\u0421\\u0442\\u0430\\u0442\\u0443\\u0441 \\u0437\\u0430\\u043c\\u043e\\u0432\\u043b\\u0435\\u043d\\u043d\\u044f\"]}}]"}}, {"model": "admin.logentry", "pk": 29, "fields": {"action_time": "2024-01-30T19:57:45.747Z", "user": 2, "content_type": 10, "object_id": "4", "object_repr": "Замовлення №9 | замовлено Elegance 3000 в кількості 1", "action_flag": 3, "change_message": ""}}, {"model": "admin.logentry", "pk": 30, "fields": {"action_time": "2024-01-30T19:57:45.751Z", "user": 2, "content_type": 10, "object_id": "3", "object_repr": "Замовлення №9 | замовлено FrostGuard Deluxe в кількості 4", "action_flag": 3, "change_message": ""}}, {"model": "admin.logentry", "pk": 31, "fields": {"action_time": "2024-01-30T19:57:45.753Z", "user": 2, "content_type": 10, "object_id": "2", "object_repr": "Замовлення №9 | замовлено BakeMaster 5000 в кількості 2", "action_flag": 3, "change_message": ""}}, {"model": "admin.logentry", "pk": 32, "fields": {"action_time": "2024-01-30T19:57:45.754Z", "user": 2, "content_type": 10, "object_id": "1", "object_repr": "Замовлення №9 | замовлено SmartBake Touch в кількості 5", "action_flag": 3, "change_message": ""}}, {"model": "admin.logentry", "pk": 33, "fields": {"action_time": "2024-01-30T19:57:45.756Z", "user": 2, "content_type": 10, "object_id": "5", "object_repr": "Замовлення №24 | замовлено Elegance 3000 в кількості 7", "action_flag": 3, "change_message": ""}}, {"model": "admin.logentry", "pk": 34, "fields": {"action_time": "2024-01-30T19:57:45.757Z", "user": 2, "content_type": 10, "object_id": "6", "object_repr": "Замовлення №25 | замовлено Elegance 3000 в кількості 1", "action_flag": 3, "change_message": ""}}, {"model": "admin.logentry", "pk": 35, "fields": {"action_time": "2024-01-30T19:57:45.759Z", "user": 2, "content_type": 10, "object_id": "7", "object_repr": "Замовлення №27 | замовлено Elegance 3000 в кількості 7", "action_flag": 3, "change_message": ""}}, {"model": "admin.logentry", "pk": 36, "fields": {"action_time": "2024-01-30T19:57:52.935Z", "user": 2, "content_type": 11, "object_id": "9", "object_repr": "Замовлення №9 | Замовник: Іваненко Іван", "action_flag": 3, "change_message": ""}}, {"model": "admin.logentry", "pk": 37, "fields": {"action_time": "2024-01-30T19:57:52.938Z", "user": 2, "content_type": 11, "object_id": "24", "object_repr": "Замовлення №24 | Замовник: Іваненко Іван", "action_flag": 3, "change_message": ""}}, {"model": "admin.logentry", "pk": 38, "fields": {"action_time": "2024-01-30T19:57:52.940Z", "user": 2, "content_type": 11, "object_id": "25", "object_repr": "Замовлення №25 | Замовник: Іваненко Іван", "action_flag": 3, "change_message": ""}}, {"model": "admin.logentry", "pk": 39, "fields": {"action_time": "2024-01-30T19:57:52.941Z", "user": 2, "content_type": 11, "object_id": "27", "object_repr": "Замовлення №27 | Замовник: Іваненко Іван", "action_flag": 3, "change_message": ""}}, {"model": "admin.logentry", "pk": 40, "fields": {"action_time": "2024-01-30T19:58:16.684Z", "user": 2, "content_type": 7, "object_id": "1", "object_repr": "Elegance 3000", "action_flag": 2, "change_message": "[{\"changed\": {\"fields\": [\"\\u041a\\u0456\\u043b\\u044c\\u043a\\u0456\\u0441\\u0442\\u044c \\u043d\\u0430 \\u0441\\u043a\\u043b\\u0430\\u0434\\u0456\"]}}]"}}, {"model": "admin.logentry", "pk": 41, "fields": {"action_time": "2024-01-30T20:09:38.679Z", "user": 2, "content_type": 7, "object_id": "13", "object_repr": "BakeMaster 5000", "action_flag": 2, "change_message": "[{\"changed\": {\"fields\": [\"\\u041a\\u0456\\u043b\\u044c\\u043a\\u0456\\u0441\\u0442\\u044c \\u043d\\u0430 \\u0441\\u043a\\u043b\\u0430\\u0434\\u0456\"]}}]"}}, {"model": "admin.logentry", "pk": 42, "fields": {"action_time": "2024-02-01T19:21:48.116Z", "user": 2, "content_type": 3, "object_id": "1", "object_repr": "менеджер по завмовленням", "action_flag": 1, "change_message": "[{\"added\": {}}]"}}, {"model": "admin.logentry", "pk": 43, "fields": {"action_time": "2024-02-01T19:22:26.947Z", "user": 2, "content_type": 8, "object_id": "19", "object_repr": "toha@gmail.com", "action_flag": 2, "change_message": "[{\"changed\": {\"fields\": [\"Groups\", \"User permissions\"]}}]"}}, {"model": "admin.logentry", "pk": 44, "fields": {"action_time": "2024-02-02T21:22:45.017Z", "user": 2, "content_type": 7, "object_id": "14", "object_repr": "Classic Home Oven", "action_flag": 2, "change_message": "[{\"changed\": {\"fields\": [\"\\u041a\\u0456\\u043b\\u044c\\u043a\\u0456\\u0441\\u0442\\u044c \\u043d\\u0430 \\u0441\\u043a\\u043b\\u0430\\u0434\\u0456\"]}}]"}}, {"model": "admin.logentry", "pk": 45, "fields": {"action_time": "2024-02-02T21:22:45.021Z", "user": 2, "content_type": 7, "object_id": "12", "object_repr": "Compact Solar", "action_flag": 2, "change_message": "[{\"changed\": {\"fields\": [\"\\u041a\\u0456\\u043b\\u044c\\u043a\\u0456\\u0441\\u0442\\u044c \\u043d\\u0430 \\u0441\\u043a\\u043b\\u0430\\u0434\\u0456\"]}}]"}}, {"model": "admin.logentry", "pk": 46, "fields": {"action_time": "2024-02-02T21:22:45.023Z", "user": 2, "content_type": 7, "object_id": "7", "object_repr": "FrostGuard Deluxe", "action_flag": 2, "change_message": "[{\"changed\": {\"fields\": [\"\\u041a\\u0456\\u043b\\u044c\\u043a\\u0456\\u0441\\u0442\\u044c \\u043d\\u0430 \\u0441\\u043a\\u043b\\u0430\\u0434\\u0456\"]}}]"}}, {"model": "admin.logentry", "pk": 47, "fields": {"action_time": "2024-02-02T21:22:45.025Z", "user": 2, "content_type": 7, "object_id": "1", "object_repr": "Elegance 3000", "action_flag": 2, "change_message": "[{\"changed\": {\"fields\": [\"\\u041a\\u0456\\u043b\\u044c\\u043a\\u0456\\u0441\\u0442\\u044c \\u043d\\u0430 \\u0441\\u043a\\u043b\\u0430\\u0434\\u0456\"]}}]"}}, {"model": "admin.logentry", "pk": 48, "fields": {"action_time": "2024-02-02T21:22:45.028Z", "user": 2, "content_type": 7, "object_id": "11", "object_repr": "RapidWarm 100", "action_flag": 2, "change_message": "[{\"changed\": {\"fields\": [\"\\u041a\\u0456\\u043b\\u044c\\u043a\\u0456\\u0441\\u0442\\u044c \\u043d\\u0430 \\u0441\\u043a\\u043b\\u0430\\u0434\\u0456\"]}}]"}}, {"model": "admin.logentry", "pk": 49, "fields": {"action_time": "2024-02-02T21:22:45.031Z", "user": 2, "content_type": 7, "object_id": "6", "object_repr": "Family Size Retro", "action_flag": 2, "change_message": "[{\"changed\": {\"fields\": [\"\\u041a\\u0456\\u043b\\u044c\\u043a\\u0456\\u0441\\u0442\\u044c \\u043d\\u0430 \\u0441\\u043a\\u043b\\u0430\\u0434\\u0456\"]}}]"}}, {"model": "admin.logentry", "pk": 50, "fields": {"action_time": "2024-02-02T21:22:45.033Z", "user": 2, "content_type": 7, "object_id": "5", "object_repr": "CompactChef Pro", "action_flag": 2, "change_message": "[{\"changed\": {\"fields\": [\"\\u041a\\u0456\\u043b\\u044c\\u043a\\u0456\\u0441\\u0442\\u044c \\u043d\\u0430 \\u0441\\u043a\\u043b\\u0430\\u0434\\u0456\"]}}]"}}, {"model": "admin.logentry", "pk": 51, "fields": {"action_time": "2024-02-02T21:22:45.036Z", "user": 2, "content_type": 7, "object_id": "8", "object_repr": "EcoFresh Slim", "action_flag": 2, "change_message": "[{\"changed\": {\"fields\": [\"\\u041a\\u0456\\u043b\\u044c\\u043a\\u0456\\u0441\\u0442\\u044c \\u043d\\u0430 \\u0441\\u043a\\u043b\\u0430\\u0434\\u0456\"]}}]"}}, {"model": "admin.logentry", "pk": 52, "fields": {"action_time": "2024-02-03T20:11:24.678Z", "user": 2, "content_type": 11, "object_id": "37", "object_repr": "Замовлення №37 | Замовник: Куріптя Дмитро", "action_flag": 3, "change_message": ""}}, {"model": "admin.logentry", "pk": 53, "fields": {"action_time": "2024-02-07T15:03:29.872Z", "user": 2, "content_type": 11, "object_id": "50", "object_repr": "Замовлення №50 | Замовник: Іваненко Іван", "action_flag": 2, "change_message": "[{\"changed\": {\"fields\": [\"\\u0421\\u0442\\u0430\\u0442\\u0443\\u0441 \\u0437\\u0430\\u043c\\u043e\\u0432\\u043b\\u0435\\u043d\\u043d\\u044f\"]}}]"}}, {"model": "admin.logentry", "pk": 54, "fields": {"action_time": "2024-02-07T15:03:29.886Z", "user": 2, "content_type": 11, "object_id": "47", "object_repr": "Замовлення №47 | Замовник: Іваненко Іван", "action_flag": 2, "change_message": "[{\"changed\": {\"fields\": [\"\\u0421\\u0442\\u0430\\u0442\\u0443\\u0441 \\u0437\\u0430\\u043c\\u043e\\u0432\\u043b\\u0435\\u043d\\u043d\\u044f\"]}}]"}}, {"model": "admin.logentry", "pk": 55, "fields": {"action_time": "2024-02-07T15:03:29.886Z", "user": 2, "content_type": 11, "object_id": "46", "object_repr": "Замовлення №46 | Замовник: Іваненко Іван", "action_flag": 2, "change_message": "[{\"changed\": {\"fields\": [\"\\u0421\\u0442\\u0430\\u0442\\u0443\\u0441 \\u0437\\u0430\\u043c\\u043e\\u0432\\u043b\\u0435\\u043d\\u043d\\u044f\"]}}]"}}, {"model": "admin.logentry", "pk": 56, "fields": {"action_time": "2024-02-07T15:03:29.891Z", "user": 2, "content_type": 11, "object_id": "45", "object_repr": "Замовлення №45 | Замовник: Іваненко Іван", "action_flag": 2, "change_message": "[{\"changed\": {\"fields\": [\"\\u0421\\u0442\\u0430\\u0442\\u0443\\u0441 \\u0437\\u0430\\u043c\\u043e\\u0432\\u043b\\u0435\\u043d\\u043d\\u044f\"]}}]"}}, {"model": "admin.logentry", "pk": 57, "fields": {"action_time": "2024-02-07T15:03:29.893Z", "user": 2, "content_type": 11, "object_id": "39", "object_repr": "Замовлення №39 | Замовник: Іваненко Іван", "action_flag": 2, "change_message": "[{\"changed\": {\"fields\": [\"\\u0421\\u0442\\u0430\\u0442\\u0443\\u0441 \\u0437\\u0430\\u043c\\u043e\\u0432\\u043b\\u0435\\u043d\\u043d\\u044f\"]}}]"}}, {"model": "admin.logentry", "pk": 58, "fields": {"action_time": "2024-02-07T15:03:29.894Z", "user": 2, "content_type": 11, "object_id": "38", "object_repr": "Замовлення №38 | Замовник: Іваненко Іван", "action_flag": 2, "change_message": "[{\"changed\": {\"fields\": [\"\\u0421\\u0442\\u0430\\u0442\\u0443\\u0441 \\u0437\\u0430\\u043c\\u043e\\u0432\\u043b\\u0435\\u043d\\u043d\\u044f\"]}}]"}}, {"model": "admin.logentry", "pk": 59, "fields": {"action_time": "2024-02-07T15:03:29.898Z", "user": 2, "content_type": 11, "object_id": "34", "object_repr": "Замовлення №34 | Замовник: Антоненко Антон", "action_flag": 2, "change_message": "[{\"changed\": {\"fields\": [\"\\u0421\\u0442\\u0430\\u0442\\u0443\\u0441 \\u0437\\u0430\\u043c\\u043e\\u0432\\u043b\\u0435\\u043d\\u043d\\u044f\"]}}]"}}, {"model": "admin.logentry", "pk": 60, "fields": {"action_time": "2024-02-07T15:03:29.899Z", "user": 2, "content_type": 11, "object_id": "31", "object_repr": "Замовлення №31 | Замовник: Іваненко Іван", "action_flag": 2, "change_message": "[{\"changed\": {\"fields\": [\"\\u0421\\u0442\\u0430\\u0442\\u0443\\u0441 \\u0437\\u0430\\u043c\\u043e\\u0432\\u043b\\u0435\\u043d\\u043d\\u044f\"]}}]"}}, {"model": "admin.logentry", "pk": 61, "fields": {"action_time": "2024-02-07T15:03:29.899Z", "user": 2, "content_type": 11, "object_id": "29", "object_repr": "Замовлення №29 | Замовник: Іваненко Іван", "action_flag": 2, "change_message": "[{\"changed\": {\"fields\": [\"\\u0421\\u0442\\u0430\\u0442\\u0443\\u0441 \\u0437\\u0430\\u043c\\u043e\\u0432\\u043b\\u0435\\u043d\\u043d\\u044f\"]}}]"}}, {"model": "admin.logentry", "pk": 62, "fields": {"action_time": "2024-02-07T15:03:29.905Z", "user": 2, "content_type": 11, "object_id": "28", "object_repr": "Замовлення №28 | Замовник: Іваненко Іван", "action_flag": 2, "change_message": "[{\"changed\": {\"fields\": [\"\\u0421\\u0442\\u0430\\u0442\\u0443\\u0441 \\u0437\\u0430\\u043c\\u043e\\u0432\\u043b\\u0435\\u043d\\u043d\\u044f\"]}}]"}}, {"model": "admin.logentry", "pk": 63, "fields": {"action_time": "2024-02-07T15:03:36.076Z", "user": 2, "content_type": 11, "object_id": "50", "object_repr": "Замовлення №50 | Замовник: Іваненко Іван", "action_flag": 2, "change_message": "[{\"changed\": {\"fields\": [\"\\u041e\\u043f\\u043b\\u0430\\u0447\\u0435\\u043d\\u043e\"]}}]"}}, {"model": "admin.logentry", "pk": 64, "fields": {"action_time": "2024-02-07T15:03:40.051Z", "user": 2, "content_type": 11, "object_id": "31", "object_repr": "Замовлення №31 | Замовник: Іваненко Іван", "action_flag": 2, "change_message": "[{\"changed\": {\"fields\": [\"\\u041e\\u043f\\u043b\\u0430\\u0447\\u0435\\u043d\\u043e\"]}}]"}}, {"model": "admin.logentry", "pk": 65, "fields": {"action_time": "2024-02-07T15:03:43.594Z", "user": 2, "content_type": 11, "object_id": "28", "object_repr": "Замовлення №28 | Замовник: Іваненко Іван", "action_flag": 2, "change_message": "[{\"changed\": {\"fields\": [\"\\u041e\\u043f\\u043b\\u0430\\u0447\\u0435\\u043d\\u043e\"]}}]"}}, {"model": "admin.logentry", "pk": 66, "fields": {"action_time": "2024-02-07T16:15:00.988Z", "user": 2, "content_type": 11, "object_id": "47", "object_repr": "Замовлення №47 | Замовник: Іваненко Іван", "action_flag": 2, "change_message": "[{\"changed\": {\"fields\": [\"\\u0421\\u0442\\u0430\\u0442\\u0443\\u0441 \\u0437\\u0430\\u043c\\u043e\\u0432\\u043b\\u0435\\u043d\\u043d\\u044f\"]}}]"}}, {"model": "admin.logentry", "pk": 67, "fields": {"action_time": "2024-02-07T16:15:00.992Z", "user": 2, "content_type": 11, "object_id": "45", "object_repr": "Замовлення №45 | Замовник: Іваненко Іван", "action_flag": 2, "change_message": "[{\"changed\": {\"fields\": [\"\\u0421\\u0442\\u0430\\u0442\\u0443\\u0441 \\u0437\\u0430\\u043c\\u043e\\u0432\\u043b\\u0435\\u043d\\u043d\\u044f\"]}}]"}}, {"model": "admin.logentry", "pk": 68, "fields": {"action_time": "2024-02-07T16:15:00.994Z", "user": 2, "content_type": 11, "object_id": "29", "object_repr": "Замовлення №29 | Замовник: Іваненко Іван", "action_flag": 2, "change_message": "[{\"changed\": {\"fields\": [\"\\u0421\\u0442\\u0430\\u0442\\u0443\\u0441 \\u0437\\u0430\\u043c\\u043e\\u0432\\u043b\\u0435\\u043d\\u043d\\u044f\"]}}]"}}, {"model": "admin.logentry", "pk": 69, "fields": {"action_time": "2024-02-07T16:15:12.432Z", "user": 2, "content_type": 11, "object_id": "39", "object_repr": "Замовлення №39 | Замовник: Іваненко Іван", "action_flag": 3, "change_message": ""}}, {"model": "admin.logentry", "pk": 70, "fields": {"action_time": "2024-02-07T16:15:12.436Z", "user": 2, "content_type": 11, "object_id": "38", "object_repr": "Замовлення №38 | Замовник: Іваненко Іван", "action_flag": 3, "change_message": ""}}, {"model": "admin.logentry", "pk": 71, "fields": {"action_time": "2024-02-09T02:33:02.864Z", "user": 2, "content_type": 7, "object_id": "15", "object_repr": "SmartBake Touch", "action_flag": 2, "change_message": "[{\"changed\": {\"fields\": [\"\\u041a\\u0456\\u043b\\u044c\\u043a\\u0456\\u0441\\u0442\\u044c \\u043d\\u0430 \\u0441\\u043a\\u043b\\u0430\\u0434\\u0456\"]}}]"}}, {"model": "admin.logentry", "pk": 72, "fields": {"action_time": "2024-02-09T02:33:02.869Z", "user": 2, "content_type": 7, "object_id": "13", "object_repr": "BakeMaster 5000", "action_flag": 2, "change_message": "[{\"changed\": {\"fields\": [\"\\u041a\\u0456\\u043b\\u044c\\u043a\\u0456\\u0441\\u0442\\u044c \\u043d\\u0430 \\u0441\\u043a\\u043b\\u0430\\u0434\\u0456\"]}}]"}}, {"model": "admin.logentry", "pk": 73, "fields": {"action_time": "2024-02-09T02:33:02.871Z", "user": 2, "content_type": 7, "object_id": "11", "object_repr": "RapidWarm 100", "action_flag": 2, "change_message": "[{\"changed\": {\"fields\": [\"\\u041a\\u0456\\u043b\\u044c\\u043a\\u0456\\u0441\\u0442\\u044c \\u043d\\u0430 \\u0441\\u043a\\u043b\\u0430\\u0434\\u0456\"]}}]"}}, {"model": "admin.logentry", "pk": 74, "fields": {"action_time": "2024-02-09T02:33:02.874Z", "user": 2, "content_type": 7, "object_id": "9", "object_repr": "SmartCooler Plus", "action_flag": 2, "change_message": "[{\"changed\": {\"fields\": [\"\\u041a\\u0456\\u043b\\u044c\\u043a\\u0456\\u0441\\u0442\\u044c \\u043d\\u0430 \\u0441\\u043a\\u043b\\u0430\\u0434\\u0456\"]}}]"}}, {"model": "admin.logentry", "pk": 75, "fields": {"action_time": "2024-02-09T02:33:02.877Z", "user": 2, "content_type": 7, "object_id": "2", "object_repr": "GreenLeaf Tea Master", "action_flag": 2, "change_message": "[{\"changed\": {\"fields\": [\"\\u041a\\u0456\\u043b\\u044c\\u043a\\u0456\\u0441\\u0442\\u044c \\u043d\\u0430 \\u0441\\u043a\\u043b\\u0430\\u0434\\u0456\"]}}]"}}, {"model": "admin.logentry", "pk": 76, "fields": {"action_time": "2024-02-09T02:33:02.879Z", "user": 2, "content_type": 7, "object_id": "1", "object_repr": "Elegance 3000", "action_flag": 2, "change_message": "[{\"changed\": {\"fields\": [\"\\u041a\\u0456\\u043b\\u044c\\u043a\\u0456\\u0441\\u0442\\u044c \\u043d\\u0430 \\u0441\\u043a\\u043b\\u0430\\u0434\\u0456\"]}}]"}}, {"model": "auth.group", "pk": 1, "fields": {"name": "менеджер по завмовленням", "permissions": [42, 44]}}, {"model": "sessions.session", "pk": "11cbt7eueikb4cumd5vac5snvhvrtb8v", "fields": {"session_data": "e30:1rTngw:cuT5PVWM6bAuirkop8Z4ZOCAYzX_l65YsotaKO8I8JU", "expire_date": "2024-02-10T18:46:10.959Z"}}, {"model": "sessions.session", "pk": "3cq7gryfsn1og6dnjt4cv6xkqytg8uho", "fields": {"session_data": ".eJxVjMsOwiAQRf-FtSE8Cgwu3fsNBGZAqgaS0q6M_65NutDtPefcFwtxW2vYRl7CTOzMFDv9biniI7cd0D22W-fY27rMie8KP-jg1075eTncv4MaR_3WQKSgoDGeivaoLaAsWaBXSRSpEWxUEii5lKURzpONU5HgyAhCmpC9P_cCOG4:1rRFrl:yWhRtP7_WhLlSH-MNS-4t7TPBW1XX-8dvfGCDzlZ7KA", "expire_date": "2024-02-03T18:14:49.489Z"}}, {"model": "sessions.session", "pk": "3h6p04srwq0639qsn48rm683bsui6sat", "fields": {"session_data": ".eJxVjMsOwiAQRf-FtSE8Cgwu3fsNBGZAqgaS0q6M_65NutDtPefcFwtxW2vYRl7CTOzMFDv9biniI7cd0D22W-fY27rMie8KP-jg1075eTncv4MaR_3WQKSgoDGeivaoLaAsWaBXSRSpEWxUEii5lKURzpONU5HgyAhCmpC9P_cCOG4:1rYGka:ddF8ygeECB9KeCWpx3w7wQ1u8L9NL0_qZzCLQ5DGVrE", "expire_date": "2024-02-23T02:36:24.358Z"}}, {"model": "sessions.session", "pk": "5wvn2rnm0ttl8jteamvjtc17b1uy65mu", "fields": {"session_data": ".eJxVjEEOwiAQRe_C2hDoAHZcuu8ZyACDVA0kpV0Z765NutDtf-_9l_C0rcVvnRc_J3ERTpx-t0DxwXUH6U711mRsdV3mIHdFHrTLqSV-Xg_376BQL98aDZEDC5ktoo4wZrBESIlcZoZBkTJGI7tgQVlwFiPpEeEMA6rIQbw_4Hw3eQ:1rRGNh:BAV0q2h24IvFCrwmuB4hdUecbAIij1Sitd2p2j1umV0", "expire_date": "2024-02-03T18:47:49.114Z"}}, {"model": "sessions.session", "pk": "dvhokwujc5q175xtgiw89d7ia0eo77yp", "fields": {"session_data": ".eJxVjMsOwiAQRf-FtSE8Cgwu3fsNBGZAqgaS0q6M_65NutDtPefcFwtxW2vYRl7CTOzMFDv9biniI7cd0D22W-fY27rMie8KP-jg1075eTncv4MaR_3WQKSgoDGeivaoLaAsWaBXSRSpEWxUEii5lKURzpONU5HgyAhCmpC9P_cCOG4:1rRHKY:9H4lacYepHPTKDydBOICmAOueIbJuV6b_Ze3BNfG0pA", "expire_date": "2024-02-03T19:48:38.975Z"}}, {"model": "sessions.session", "pk": "fynngmqenwue6rasmomfctabmgf3c0z9", "fields": {"session_data": ".eJxVjMsOwiAQRf-FtSE8Cgwu3fsNBGZAqgaS0q6M_65NutDtPefcFwtxW2vYRl7CTOzMFDv9biniI7cd0D22W-fY27rMie8KP-jg1075eTncv4MaR_3WQKSgoDGeivaoLaAsWaBXSRSpEWxUEii5lKURzpONU5HgyAhCmpC9P_cCOG4:1rZfcE:iNxWJAPF96wDCJP6ZbNjgIbR6gTS_QUE1_hv_lQp2ho", "expire_date": "2024-02-26T23:21:34.629Z"}}, {"model": "sessions.session", "pk": "u99xufg3se9dmb2oawr94th8pgp4bsc6", "fields": {"session_data": ".eJxVjMsOwiAQRf-FtSE8Cgwu3fsNBGZAqgaS0q6M_65NutDtPefcFwtxW2vYRl7CTOzMFDv9biniI7cd0D22W-fY27rMie8KP-jg1075eTncv4MaR_3WQKSgoDGeivaoLaAsWaBXSRSpEWxUEii5lKURzpONU5HgyAhCmpC9P_cCOG4:1rZuB3:VcykvbWXbae0jEygYVi2q5cPU-qxzEnyF3v99WMQFxE", "expire_date": "2024-02-27T14:54:29.955Z"}}, {"model": "sessions.session", "pk": "wnfmpgm6c40qk8geq5vskb6uxph7aukk", "fields": {"session_data": ".eJxVjMsOwiAQRf-FtSE8Cgwu3fsNBGZAqgaS0q6M_65NutDtPefcFwtxW2vYRl7CTOzMFDv9biniI7cd0D22W-fY27rMie8KP-jg1075eTncv4MaR_3WQKSgoDGeivaoLaAsWaBXSRSpEWxUEii5lKURzpONU5HgyAhCmpC9P_cCOG4:1rQtv5:LQsMH_0oCUHk4XdgvmluzEEvxreC6Zd3FmD_WTtCHrU", "expire_date": "2024-02-02T18:48:47.401Z"}}, {"model": "goods.category", "pk": 1, "fields": {"name": "Чайники", "slug": "kettles"}}, {"model": "goods.category", "pk": 2, "fields": {"name": "Мікрохвильовки", "slug": "microwaves"}}, {"model": "goods.category", "pk": 3, "fields": {"name": "Холодильники", "slug": "fridges"}}, {"model": "goods.category", "pk": 4, "fields": {"name": "Бойлери", "slug": "boilers"}}, {"model": "goods.category", "pk": 5, "fields": {"name": "Духовки", "slug": "ovens"}}, {"model": "goods.product", "pk": 1, "fields": {"name": "Elegance 3000", "slug": "elegance-3000", "description": "Стильний нержавіючий чайник з ємністю 1.5 л, з функцією швидкого закипання та сенсорним управлінням.", "category_id": 1, "price": "1099.00", "discount_price": null, "photo": "goods/0193849001571921017.jpg", "storage_quantity": 6, "is_active": true, "created_at": "2024-01-12T20:10:04.348Z", "updated_at": "2024-02-09T02:33:02.877Z"}}, {"model": "goods.product", "pk": 2, "fields": {"name": "GreenLeaf Tea Master", "slug": "greenleaf-tea-master", "description": "Екологічно чистий чайник з вбудованим фільтром для чаю та температурним контролем.", "category_id": 1, "price": "1340.00", "discount_price": "1199.00", "photo": "goods/chaynik-zavarnik-samadoyo-b-02-600-ml.-69578624006759.png", "storage_quantity": 7, "is_active": true, "created_at": "2024-01-12T20:10:41.276Z", "updated_at": "2024-02-09T02:33:02.875Z"}}, {"model": "goods.product", "pk": 3, "fields": {"name": "Compact Brew", "slug": "compact-brew", "description": "Компактний електричний чайник зі скляним корпусом, підсвіткою та автоматичним вимкненням.", "category_id": 1, "price": "650.00", "discount_price": null, "photo": "goods/MR-1334-A.jpg", "storage_quantity": 5, "is_active": true, "created_at": "2024-01-12T20:11:16.809Z", "updated_at": "2024-02-09T02:10:47.829Z"}}, {"model": "goods.product", "pk": 4, "fields": {"name": "QuickHeat Wave", "slug": "quickheat-wave", "description": "Сучасна мікрохвильова піч з функцією гриля, розморожування та інтелектуальним управлінням.", "category_id": 2, "price": "3450.00", "discount_price": "3299.00", "photo": "goods/microwave.jpg", "storage_quantity": 5, "is_active": true, "created_at": "2024-01-12T20:11:57.661Z", "updated_at": "2024-02-07T16:19:55.176Z"}}, {"model": "goods.product", "pk": 5, "fields": {"name": "CompactChef Pro", "slug": "compactchef-pro", "description": "Компактна мікрохвильовка, ідеальна для невеликих кухонь, з функцією швидкого розігріву та енергозбереженням.", "category_id": 2, "price": "2699.00", "discount_price": null, "photo": "goods/328.jpg", "storage_quantity": 11, "is_active": true, "created_at": "2024-01-12T20:12:31.909Z", "updated_at": "2024-02-02T21:22:45.032Z"}}, {"model": "goods.product", "pk": 6, "fields": {"name": "Family Size Retro", "slug": "family-size-retro", "description": "Велика мікрохвильовка в ретро стилі, з декількома режимами приготування та легкістю у чищенні.", "category_id": 2, "price": "3270.00", "discount_price": null, "photo": "goods/324162767-transformed_W7nmaWS.jpg", "storage_quantity": 5, "is_active": true, "created_at": "2024-01-12T20:13:11.247Z", "updated_at": "2024-02-02T21:22:45.030Z"}}, {"model": "goods.product", "pk": 7, "fields": {"name": "FrostGuard Deluxe", "slug": "frostguard-deluxe", "description": "Великий двокамерний холодильник з системою No Frost, енергоефективністю класу A++ та інтерактивним дисплеєм.", "category_id": 3, "price": "12500.00", "discount_price": "10499.00", "photo": "goods/kholodilnik-whirlpool-w5-811e-ox.webp", "storage_quantity": 2, "is_active": true, "created_at": "2024-01-12T20:14:08.865Z", "updated_at": "2024-02-02T21:22:45.022Z"}}, {"model": "goods.product", "pk": 8, "fields": {"name": "EcoFresh Slim", "slug": "ecofresh-slim", "description": "Вузький холодильник, ідеальний для малогабаритних кухонь, з низьким рівнем шуму та економією енергії.", "category_id": 3, "price": "9599.00", "discount_price": null, "photo": "goods/fridge.jpeg", "storage_quantity": 5, "is_active": true, "created_at": "2024-01-12T20:14:37.825Z", "updated_at": "2024-02-02T21:22:45.034Z"}}, {"model": "goods.product", "pk": 9, "fields": {"name": "SmartCooler Plus", "slug": "smartcooler-plus", "description": "Холодильник з інтелектуальним управлінням, Wi-Fi підключенням, і LED освітленням.", "category_id": 3, "price": "16999.00", "discount_price": null, "photo": "goods/KGN49XI30U_1.jpg", "storage_quantity": 4, "is_active": true, "created_at": "2024-01-12T20:15:01.691Z", "updated_at": "2024-02-09T02:33:38.878Z"}}, {"model": "goods.product", "pk": 10, "fields": {"name": "AquaHeat Eco", "slug": "aquaheat-eco", "description": "Енергоефективний бойлер на 50 літрів, з системою антикорозії та регулюванням температури.", "category_id": 4, "price": "4600.00", "discount_price": null, "photo": "goods/Boiler.jpg", "storage_quantity": 6, "is_active": true, "created_at": "2024-01-12T20:16:02.952Z", "updated_at": "2024-02-01T21:30:56.210Z"}}, {"model": "goods.product", "pk": 11, "fields": {"name": "RapidWarm 100", "slug": "rapidwarm-100", "description": "Бойлер об'ємом 100 літрів, з швидким нагріванням та електронним управлінням.", "category_id": 4, "price": "5199.00", "discount_price": "4950.00", "photo": "goods/LV_Dry_120l_3-1450x1450.jpg", "storage_quantity": 6, "is_active": true, "created_at": "2024-01-12T20:16:22.470Z", "updated_at": "2024-02-09T02:33:38.876Z"}}, {"model": "goods.product", "pk": 12, "fields": {"name": "Compact Solar", "slug": "compact-solar", "description": "Компактний бойлер з сонячними панелями для екологічного нагріву води.", "category_id": 4, "price": "6450.00", "discount_price": null, "photo": "goods/b505f9102fbe52f3ad678aa733977b60.jpg", "storage_quantity": 4, "is_active": true, "created_at": "2024-01-12T20:16:59.200Z", "updated_at": "2024-02-02T21:22:45.020Z"}}, {"model": "goods.product", "pk": 13, "fields": {"name": "BakeMaster 5000", "slug": "bakemaster-5000", "description": "Високоякісна електрична духовка з функцією конвекції, самоочищенням та сенсорним управлінням.", "category_id": 5, "price": "6499.00", "discount_price": null, "photo": "goods/2338890745.jpg", "storage_quantity": 7, "is_active": true, "created_at": "2024-01-12T20:17:56.611Z", "updated_at": "2024-02-09T02:33:02.868Z"}}, {"model": "goods.product", "pk": 14, "fields": {"name": "Classic Home Oven", "slug": "classic-home-oven", "description": "Традиційна газова духовка з ручним управлінням, ідеальна для любителів класичного приготування.", "category_id": 5, "price": "14999.00", "discount_price": "13550.00", "photo": "goods/318030227.jpg", "storage_quantity": 3, "is_active": true, "created_at": "2024-01-12T20:18:27.897Z", "updated_at": "2024-02-02T21:22:45.012Z"}}, {"model": "goods.product", "pk": 15, "fields": {"name": "SmartBake Touch", "slug": "smartbake-touch", "description": "Інноваційна духовка з інтуїтивним управлінням та автоматичними рецептами.", "category_id": 5, "price": "7250.00", "discount_price": "7200.00", "photo": "goods/102922548.jpg", "storage_quantity": 7, "is_active": true, "created_at": "2024-01-12T20:19:02.277Z", "updated_at": "2024-02-09T02:33:02.859Z"}}, {"model": "users.user", "pk": 2, "fields": {"password": "pbkdf2_sha256$600000$BFmmrmtEF4HVlC9esY8Xk9$6VV3l9PoTS+YAeuvGQDt6rrdI8Xu5tML0oMJSh1MgS0=", "last_login": "2024-02-13T14:54:29.920Z", "is_superuser": true, "username": "vanyok@gmail.com", "first_name": "Іван", "last_name": "Іваненко", "is_staff": true, "is_active": true, "date_joined": "2024-01-18T21:58:29Z", "email": "vanyok@gmail.com", "image": "users/gigachad_1068x.webp", "birth_date": null, "phone_number": "+380502446578", "groups": [], "user_permissions": []}}, {"model": "users.user", "pk": 19, "fields": {"password": "pbkdf2_sha256$600000$6TiklXWO69i8yoX6yYB63E$Wcz4wrwWdXb+i5ImJVW+H57TnIQpv63GwToqz80jgJA=", "last_login": "2024-02-01T21:28:40.095Z", "is_superuser": false, "username": "toha@gmail.com", "first_name": "Антон", "last_name": "Антоненко", "is_staff": true, "is_active": true, "date_joined": "2024-01-22T00:47:23Z", "email": "toha@gmail.com", "image": "", "birth_date": null, "phone_number": "+380668437465", "groups": [1], "user_permissions": []}}, {"model": "users.user", "pk": 20, "fields": {"password": "pbkdf2_sha256$600000$0KtOgHYPuHAO3HUD3mQU4a$Bkqjwi7RWdXJeUXp4VvLPSzxsunSxq1IdxoHgx8P0ns=", "last_login": "2024-02-06T15:57:44.313Z", "is_superuser": false, "username": "dima343782@gmail.com", "first_name": "Дмитро", "last_name": "Куріптя", "is_staff": false, "is_active": true, "date_joined": "2024-02-03T21:53:05.332Z", "email": "dima343782@gmail.com", "image": "", "birth_date": null, "phone_number": "+380502413046", "groups": [], "user_permissions": []}}, {"model": "carts.cart", "pk": 65, "fields": {"owner": null, "product": 1, "quantity": 7, "session_key": "56o34t9j3zsrp25egrvypg4fn77ckk3z", "created": "2024-01-27T18:49:06.259Z"}}, {"model": "carts.cart", "pk": 67, "fields": {"owner": null, "product": 2, "quantity": 1, "session_key": "56o34t9j3zsrp25egrvypg4fn77ckk3z", "created": "2024-01-27T18:49:21.668Z"}}, {"model": "carts.cart", "pk": 68, "fields": {"owner": null, "product": 2, "quantity": 2, "session_key": "kq0ttg21di7mavqtaemuhsznf81a79gl", "created": "2024-01-27T18:54:05.868Z"}}, {"model": "carts.cart", "pk": 69, "fields": {"owner": null, "product": 4, "quantity": 1, "session_key": "kq0ttg21di7mavqtaemuhsznf81a79gl", "created": "2024-01-27T18:54:20.324Z"}}, {"model": "carts.cart", "pk": 142, "fields": {"owner": 20, "product": 1, "quantity": 1, "session_key": null, "created": "2024-02-04T19:19:45.009Z"}}, {"model": "carts.cart", "pk": 170, "fields": {"owner": 2, "product": 15, "quantity": 1, "session_key": null, "created": "2024-02-09T02:36:21.891Z"}}, {"model": "orders.order", "pk": 28, "fields": {"buyer": 2, "first_name": "Іван", "last_name": "Іваненко", "email": "vanyok@gmail.com", "phone_number": "+380502446578", "delivery_method": "NP", "delivery_address": null, "payment_method": "CD", "is_paid": true, "extra_comment": "", "status": "DN", "created": "2024-01-30T20:10:49.554Z"}}, {"model": "orders.order", "pk": 29, "fields": {"buyer": 2, "first_name": "Іван", "last_name": "Іваненко", "email": "vanyok@gmail.com", "phone_number": "+380502446578", "delivery_method": "NP", "delivery_address": null, "payment_method": "PP", "is_paid": false, "extra_comment": "", "status": "WS", "created": "2024-01-30T20:25:20.690Z"}}, {"model": "orders.order", "pk": 30, "fields": {"buyer": 2, "first_name": "Іван", "last_name": "Іваненко", "email": "vanyok@gmail.com", "phone_number": "+380502446578", "delivery_method": "UP", "delivery_address": null, "payment_method": "CD", "is_paid": false, "extra_comment": "", "status": "OP", "created": "2024-01-31T18:35:01.775Z"}}, {"model": "orders.order", "pk": 31, "fields": {"buyer": 2, "first_name": "Іван", "last_name": "Іваненко", "email": "vanyok@gmail.com", "phone_number": "+380502446578", "delivery_method": "NP", "delivery_address": null, "payment_method": "CD", "is_paid": true, "extra_comment": "", "status": "AR", "created": "2024-02-01T19:24:26.619Z"}}, {"model": "orders.order", "pk": 34, "fields": {"buyer": 19, "first_name": "Антон", "last_name": "Антоненко", "email": "toha@gmail.com", "phone_number": "+380668437465", "delivery_method": "NP", "delivery_address": null, "payment_method": "CD", "is_paid": false, "extra_comment": "", "status": "WS", "created": "2024-02-01T21:30:56.201Z"}}, {"model": "orders.order", "pk": 45, "fields": {"buyer": 2, "first_name": "Іван", "last_name": "Іваненко", "email": "vanyok@gmail.com", "phone_number": "+380502446578", "delivery_method": "UP", "delivery_address": null, "payment_method": "PP", "is_paid": false, "extra_comment": "", "status": "OC", "created": "2024-02-07T13:36:41.465Z"}}, {"model": "orders.order", "pk": 46, "fields": {"buyer": 2, "first_name": "Іван", "last_name": "Іваненко", "email": "vanyok@gmail.com", "phone_number": "+380502446578", "delivery_method": "UP", "delivery_address": null, "payment_method": "PP", "is_paid": false, "extra_comment": "", "status": "WP", "created": "2024-02-07T13:39:21.797Z"}}, {"model": "orders.order", "pk": 47, "fields": {"buyer": 2, "first_name": "Іван", "last_name": "Іваненко", "email": "vanyok@gmail.com", "phone_number": "+380502446578", "delivery_method": "UP", "delivery_address": null, "payment_method": "PP", "is_paid": false, "extra_comment": "", "status": "PP", "created": "2024-02-07T13:42:00.406Z"}}, {"model": "orders.order", "pk": 50, "fields": {"buyer": 2, "first_name": "Іван", "last_name": "Іваненко", "email": "vanyok@gmail.com", "phone_number": "+380502446578", "delivery_method": "UP", "delivery_address": null, "payment_method": "PP", "is_paid": true, "extra_comment": "", "status": "GT", "created": "2024-02-07T13:55:26.728Z"}}, {"model": "orders.order", "pk": 51, "fields": {"buyer": 2, "first_name": "Іван", "last_name": "Іваненко", "email": "vanyok@gmail.com", "phone_number": "+380502446578", "delivery_method": "UP", "delivery_address": null, "payment_method": "CD", "is_paid": false, "extra_comment": "", "status": "OP", "created": "2024-02-07T16:19:55.169Z"}}, {"model": "orders.order", "pk": 53, "fields": {"buyer": 2, "first_name": "Іван", "last_name": "Іваненко", "email": "vanyok@gmail.com", "phone_number": "+380502446578", "delivery_method": "UP", "delivery_address": null, "payment_method": "PP", "is_paid": false, "extra_comment": "", "status": "OP", "created": "2024-02-07T16:20:43.009Z"}}, {"model": "orders.order", "pk": 54, "fields": {"buyer": 2, "first_name": "Іван", "last_name": "Іваненко", "email": "vanyok@gmail.com", "phone_number": "+380502446578", "delivery_method": "UP", "delivery_address": null, "payment_method": "PP", "is_paid": false, "extra_comment": "Не передзвонюйте", "status": "OP", "created": "2024-02-07T16:22:36.853Z"}}, {"model": "orders.order", "pk": 55, "fields": {"buyer": 2, "first_name": "Іван", "last_name": "Іваненко", "email": "vanyok@gmail.com", "phone_number": "+380502446578", "delivery_method": "UP", "delivery_address": "вул. Перемоги, 9", "payment_method": "PP", "is_paid": true, "extra_comment": "", "status": "OP", "created": "2024-02-07T16:37:24.485Z"}}, {"model": "orders.order", "pk": 56, "fields": {"buyer": 2, "first_name": "Іван", "last_name": "Іваненко", "email": "vanyok@gmail.com", "phone_number": "+380502446578", "delivery_method": "NP", "delivery_address": null, "payment_method": "PP", "is_paid": true, "extra_comment": "", "status": "OP", "created": "2024-02-07T16:38:52.590Z"}}, {"model": "orders.order", "pk": 57, "fields": {"buyer": 2, "first_name": "Іван", "last_name": "Іваненко", "email": "vanyok@gmail.com", "phone_number": "+380502446578", "delivery_method": "UP", "delivery_address": null, "payment_method": "PP", "is_paid": false, "extra_comment": "", "status": "OP", "created": "2024-02-07T16:47:10.706Z"}}, {"model": "orders.order", "pk": 58, "fields": {"buyer": 2, "first_name": "Іван", "last_name": "Іваненко", "email": "vanyok@gmail.com", "phone_number": "+380502446578", "delivery_method": "UP", "delivery_address": null, "payment_method": "PP", "is_paid": false, "extra_comment": "", "status": "OP", "created": "2024-02-07T17:01:29.915Z"}}, {"model": "orders.order", "pk": 59, "fields": {"buyer": 2, "first_name": "Іван", "last_name": "Іваненко", "email": "vanyok@gmail.com", "phone_number": "+380502446578", "delivery_method": "UP", "delivery_address": null, "payment_method": "PP", "is_paid": false, "extra_comment": "", "status": "OP", "created": "2024-02-08T22:09:30.222Z"}}, {"model": "orders.order", "pk": 60, "fields": {"buyer": 2, "first_name": "Іван", "last_name": "Іваненко", "email": "vanyok@gmail.com", "phone_number": "+380502446578", "delivery_method": "NP", "delivery_address": null, "payment_method": "PP", "is_paid": false, "extra_comment": "", "status": "OP", "created": "2024-02-08T22:13:11.206Z"}}, {"model": "orders.order", "pk": 61, "fields": {"buyer": 2, "first_name": "Іван", "last_name": "Іваненко", "email": "vanyok@gmail.com", "phone_number": "+380502446578", "delivery_method": "NP", "delivery_address": null, "payment_method": "PP", "is_paid": false, "extra_comment": "", "status": "OP", "created": "2024-02-08T22:17:56.707Z"}}, {"model": "orders.order", "pk": 62, "fields": {"buyer": 2, "first_name": "Іван", "last_name": "Іваненко", "email": "vanyok@gmail.com", "phone_number": "+380502446578", "delivery_method": "UP", "delivery_address": null, "payment_method": "PP", "is_paid": false, "extra_comment": "", "status": "OP", "created": "2024-02-09T01:59:16.301Z"}}, {"model": "orders.order", "pk": 63, "fields": {"buyer": 2, "first_name": "Іван", "last_name": "Іваненко", "email": "vanyok@gmail.com", "phone_number": "+380502446578", "delivery_method": "NP", "delivery_address": null, "payment_method": "PP", "is_paid": true, "extra_comment": "", "status": "OP", "created": "2024-02-09T02:01:13.938Z"}}, {"model": "orders.order", "pk": 64, "fields": {"buyer": 2, "first_name": "Іван", "last_name": "Іваненко", "email": "vanyok@gmail.com", "phone_number": "+380502446578", "delivery_method": "NP", "delivery_address": null, "payment_method": "PP", "is_paid": true, "extra_comment": "", "status": "OP", "created": "2024-02-09T02:10:47.822Z"}}, {"model": "orders.order", "pk": 66, "fields": {"buyer": 2, "first_name": "Іван", "last_name": "Іваненко", "email": "vanyok@gmail.com", "phone_number": "+380502446578", "delivery_method": "NP", "delivery_address": null, "payment_method": "PP", "is_paid": true, "extra_comment": "", "status": "OP", "created": "2024-02-09T02:13:11.308Z"}}, {"model": "orders.order", "pk": 67, "fields": {"buyer": 2, "first_name": "Іван", "last_name": "Іваненко", "email": "vanyok@gmail.com", "phone_number": "+380502446578", "delivery_method": "NP", "delivery_address": null, "payment_method": "PP", "is_paid": false, "extra_comment": "", "status": "OP", "created": "2024-02-09T02:31:00.635Z"}}, {"model": "orders.order", "pk": 68, "fields": {"buyer": null, "first_name": "Дмитро", "last_name": "Куріптя", "email": "dima343782@gmail.com", "phone_number": "+380502413046", "delivery_method": "NP", "delivery_address": "Dehtyarivska, 49", "payment_method": "PP", "is_paid": true, "extra_comment": "Не передзвонюйте", "status": "OP", "created": "2024-02-09T02:33:38.869Z"}}, {"model": "orders.orderedproduct", "pk": 8, "fields": {"order": 28, "product": 1, "name": "Elegance 3000", "quantity": 1, "price": "1099.00"}}, {"model": "orders.orderedproduct", "pk": 9, "fields": {"order": 28, "product": 3, "name": "Compact Brew", "quantity": 1, "price": "650.00"}}, {"model": "orders.orderedproduct", "pk": 10, "fields": {"order": 29, "product": 6, "name": "Family Size Retro", "quantity": 1, "price": "3270.00"}}, {"model": "orders.orderedproduct", "pk": 11, "fields": {"order": 29, "product": 7, "name": "FrostGuard Deluxe", "quantity": 1, "price": "10499.00"}}, {"model": "orders.orderedproduct", "pk": 12, "fields": {"order": 30, "product": 8, "name": "EcoFresh Slim", "quantity": 1, "price": "9599.00"}}, {"model": "orders.orderedproduct", "pk": 13, "fields": {"order": 31, "product": 2, "name": "GreenLeaf Tea Master", "quantity": 2, "price": "1199.00"}}, {"model": "orders.orderedproduct", "pk": 14, "fields": {"order": 34, "product": 5, "name": "CompactChef Pro", "quantity": 1, "price": "2699.00"}}, {"model": "orders.orderedproduct", "pk": 15, "fields": {"order": 34, "product": 10, "name": "AquaHeat Eco", "quantity": 1, "price": "4600.00"}}, {"model": "orders.orderedproduct", "pk": 16, "fields": {"order": 34, "product": 12, "name": "Compact Solar", "quantity": 2, "price": "6450.00"}}, {"model": "orders.orderedproduct", "pk": 17, "fields": {"order": 34, "product": 14, "name": "Classic Home Oven", "quantity": 1, "price": "13550.00"}}, {"model": "orders.orderedproduct", "pk": 18, "fields": {"order": 34, "product": 1, "name": "Elegance 3000", "quantity": 2, "price": "1099.00"}}, {"model": "orders.orderedproduct", "pk": 27, "fields": {"order": 45, "product": 3, "name": "Compact Brew", "quantity": 1, "price": "650.00"}}, {"model": "orders.orderedproduct", "pk": 28, "fields": {"order": 46, "product": 13, "name": "BakeMaster 5000", "quantity": 1, "price": "6499.00"}}, {"model": "orders.orderedproduct", "pk": 29, "fields": {"order": 46, "product": 11, "name": "RapidWarm 100", "quantity": 2, "price": "4950.00"}}, {"model": "orders.orderedproduct", "pk": 30, "fields": {"order": 47, "product": 1, "name": "Elegance 3000", "quantity": 1, "price": "1099.00"}}, {"model": "orders.orderedproduct", "pk": 31, "fields": {"order": 47, "product": 13, "name": "BakeMaster 5000", "quantity": 2, "price": "6499.00"}}, {"model": "orders.orderedproduct", "pk": 34, "fields": {"order": 50, "product": 15, "name": "SmartBake Touch", "quantity": 1, "price": "7200.00"}}, {"model": "orders.orderedproduct", "pk": 35, "fields": {"order": 51, "product": 4, "name": "QuickHeat Wave", "quantity": 1, "price": "3299.00"}}, {"model": "orders.orderedproduct", "pk": 36, "fields": {"order": 51, "product": 11, "name": "RapidWarm 100", "quantity": 1, "price": "4950.00"}}, {"model": "orders.orderedproduct", "pk": 37, "fields": {"order": 53, "product": 11, "name": "RapidWarm 100", "quantity": 1, "price": "4950.00"}}, {"model": "orders.orderedproduct", "pk": 38, "fields": {"order": 54, "product": 1, "name": "Elegance 3000", "quantity": 2, "price": "1099.00"}}, {"model": "orders.orderedproduct", "pk": 39, "fields": {"order": 55, "product": 9, "name": "SmartCooler Plus", "quantity": 2, "price": "16999.00"}}, {"model": "orders.orderedproduct", "pk": 40, "fields": {"order": 55, "product": 1, "name": "Elegance 3000", "quantity": 1, "price": "1099.00"}}, {"model": "orders.orderedproduct", "pk": 41, "fields": {"order": 56, "product": 13, "name": "BakeMaster 5000", "quantity": 1, "price": "6499.00"}}, {"model": "orders.orderedproduct", "pk": 42, "fields": {"order": 56, "product": 2, "name": "GreenLeaf Tea Master", "quantity": 1, "price": "1199.00"}}, {"model": "orders.orderedproduct", "pk": 43, "fields": {"order": 57, "product": 1, "name": "Elegance 3000", "quantity": 1, "price": "1099.00"}}, {"model": "orders.orderedproduct", "pk": 44, "fields": {"order": 58, "product": 9, "name": "SmartCooler Plus", "quantity": 1, "price": "16999.00"}}, {"model": "orders.orderedproduct", "pk": 45, "fields": {"order": 59, "product": 3, "name": "Compact Brew", "quantity": 1, "price": "650.00"}}, {"model": "orders.orderedproduct", "pk": 46, "fields": {"order": 60, "product": 15, "name": "SmartBake Touch", "quantity": 2, "price": "7200.00"}}, {"model": "orders.orderedproduct", "pk": 47, "fields": {"order": 61, "product": 9, "name": "SmartCooler Plus", "quantity": 1, "price": "16999.00"}}, {"model": "orders.orderedproduct", "pk": 48, "fields": {"order": 62, "product": 15, "name": "SmartBake Touch", "quantity": 1, "price": "7200.00"}}, {"model": "orders.orderedproduct", "pk": 49, "fields": {"order": 63, "product": 13, "name": "BakeMaster 5000", "quantity": 1, "price": "6499.00"}}, {"model": "orders.orderedproduct", "pk": 50, "fields": {"order": 64, "product": 3, "name": "Compact Brew", "quantity": 1, "price": "650.00"}}, {"model": "orders.orderedproduct", "pk": 51, "fields": {"order": 66, "product": 2, "name": "GreenLeaf Tea Master", "quantity": 2, "price": "1199.00"}}, {"model": "orders.orderedproduct", "pk": 52, "fields": {"order": 67, "product": 13, "name": "BakeMaster 5000", "quantity": 1, "price": "6499.00"}}, {"model": "orders.orderedproduct", "pk": 53, "fields": {"order": 68, "product": 11, "name": "RapidWarm 100", "quantity": 1, "price": "4950.00"}}, {"model": "orders.orderedproduct", "pk": 54, "fields": {"order": 68, "product": 9, "name": "SmartCooler Plus", "quantity": 1, "price": "16999.00"}}]